candidate_id,rank,score,reasoning
CAND_0002025,1,0.9999,"The candidate with 5.9 years of experience in senior-level AI engineering positions demonstrates a deep understanding of complex algorithms, data structures, and machine learning techniques. They have successfully led teams through the development of cutting-edge AI solutions that have significantly improved efficiency and accuracy across various industries."
CAND_0018499,2,0.9473,"The candidate with 7.2 years of experience in senior roles at an organization specializing in machine learning, including leading projects that have significantly improved model performance through advanced algorithms and data analysis techniques, demonstrates exceptional expertise in AI engineering."
CAND_0071974,3,0.9275,"The candidate with 7.8 years of experience in senior roles at an AI-focused company demonstrates a deep understanding of complex algorithms, data analysis, and machine learning techniques."
CAND_0099806,4,0.9261,"The candidate with 4.6 years of experience in AI engineering demonstrates a deep understanding of advanced machine learning algorithms, deep neural networks, and their application across various domains such as natural language processing, computer vision, and robotics."
CAND_0096104,5,0.9215,"The candidate with 7.0 years of experience in AI, including significant experience in developing machine learning models and implementing deep neural networks, demonstrates expertise in both theoretical foundations and practical application within the field of artificial intelligence."
CAND_0077337,6,0.9208,"The candidate with 7.0 years of experience in staff machine learning engineering demonstrates a deep understanding of advanced data science techniques, particularly those related to natural language processing (NLP) and predictive analytics."
CAND_0098846,7,0.9152,"The candidate with 7.6 years of experience in AI engineering demonstrates a deep understanding of complex algorithms, data structures, and machine learning techniques. They have successfully implemented state-of-the-art models on various datasets, contributing to breakthroughs in natural language processing, computer vision, and recommendation systems."
CAND_0079387,8,0.9094,"The candidate with 6.9 years of experience in AI engineering demonstrates a deep understanding of advanced machine learning algorithms, deep neural networks, and natural language processing techniques."
CAND_0081852,9,0.9067,"The candidate with 5.9 years of experience in senior data science roles at leading tech companies demonstrates strong expertise in analyzing complex datasets, developing predictive models, and leveraging advanced analytics tools to drive business insights."
CAND_0053591,10,0.9052,"The candidate with 5.3 years of experience in AI engineering demonstrates a deep understanding of advanced machine learning algorithms, deep neural networks, and natural language processing techniques."
CAND_0093547,11,0.9043,The candidate with 2.9 years of experience in senior machine learning engineering positions at an organization with a strong focus on AI development is highly qualified to excel in this role.
CAND_0008239,12,0.8986,"The candidate with 4.0 years of experience in AI engineering demonstrates a deep understanding of advanced machine learning algorithms, deep neural networks, and their application across various domains such as natural language processing, computer vision, and robotics."
CAND_0009837,13,0.889,"The candidate's 4.3 years of experience in senior data science roles suggests a deep understanding of complex algorithms, statistical models, and machine learning techniques. They possess strong problem-solving skills, excellent communication abilities, and a keen interest in leveraging data to drive business decisions."
CAND_0037944,14,0.8881,"The candidate's 4.9 years of experience in senior data science roles suggests a deep understanding of complex algorithms, statistical models, and machine learning techniques. They possess strong problem-solving skills, excellent communication abilities, and a keen interest in leveraging data to drive business decisions."
CAND_0049538,15,0.885,"The candidate with 5.8 years of experience in applied machine learning (ML) engineering demonstrates a deep understanding of algorithms, data structures, and statistical modeling techniques. They have successfully implemented state-of-the-art models on real-world datasets, contributing to significant improvements in predictive analytics and decision-making processes."
CAND_0046064,16,0.8847,"The candidate's extensive experience in senior-level NLP engineering positions suggests a strong background in developing and optimizing natural language processing systems, which is crucial for roles requiring expertise in large-scale text analysis and machine learning algorithms."
CAND_0046525,17,0.8841,"The candidate with 6.1 years of experience in senior roles at leading tech companies demonstrates strong expertise in machine learning, data analysis, and software development. Their current position as a Senior Machine Learning Engineer indicates a deep understanding of how to apply these skills effectively within an organization's technology stack."
CAND_0009516,18,0.8838,The candidate with 6.9 years of experience in an AI specialist role at GitHub demonstrates a strong commitment to advancing AI technologies within the company's ecosystem. With a GitHub score of 75.
CAND_0081846,19,0.8829,"The candidate with 6.7 years of experience in leading an AI engineering team at GitHub demonstrates exceptional expertise in both technical skills and project management. They have successfully navigated complex challenges related to data science, machine learning, and software development, ensuring that projects deliver high-quality results within tight deadlines."
CAND_0086022,20,0.8811,"The candidate with 5.3 years of experience in senior applied science roles at GitHub demonstrates strong technical skills, extensive project management experience, and a proven track record of delivering high-quality software solutions."
CAND_0093912,21,0.8761,"The candidate with 5.3 years of experience in senior data science roles at leading tech companies demonstrates strong expertise in analyzing complex datasets, developing predictive models, and leveraging advanced analytics techniques to drive business insights."
CAND_0044222,22,0.8745,"The candidate with 7.7 years of experience in AI engineering demonstrates a deep understanding of complex algorithms, data structures, and machine learning techniques."
CAND_0011687,23,0.8734,The candidate with 7.8 years of experience in senior NLP engineering is highly qualified to excel in the AI Engineer role due to their extensive knowledge and practical experience in natural language processing (NLP).
CAND_0096172,24,0.8718,"The candidate with 5.2 years of experience in NLP (Natural Language Processing) holds significant expertise in developing advanced natural language processing models that enable intelligent systems to understand, interpret, and generate human-like text."
CAND_0042029,25,0.8673,"The candidate with 6.5 years of experience in senior data science roles demonstrates strong expertise in analyzing complex datasets, developing predictive models, and leveraging advanced analytics techniques to drive business decisions."
CAND_0062247,26,0.8627,"The candidate with 7.3 years of experience in AI engineering demonstrates a deep understanding of advanced machine learning algorithms, deep neural networks, and natural language processing techniques."
CAND_0065195,27,0.8611,"The candidate with 5.1 years of experience in search engineering demonstrates strong technical skills, extensive project management experience, and a proven track record of delivering high-quality solutions to complex problems."
CAND_0004330,28,0.861,The candidate with 13.8 years of experience in mechanical engineering is well-suited to excel in the field of artificial intelligence (AI) due to their extensive knowledge and practical application of mechanical principles within the context of AI systems.
CAND_0051615,29,0.861,"The candidate with 4.6 years of experience in search engineering demonstrates strong technical skills, extensive knowledge of search algorithms, and practical experience in implementing complex search solutions. Their current GitHub score of 94."
CAND_0068351,30,0.8591,"The candidate's extensive 6.4 years of experience in leading an AI engineering team with a focus on developing cutting-edge AI solutions, coupled with their current role as the Lead AI Engineer at GitHub, indicates a strong commitment to advancing AI technologies within the organization."
CAND_0048166,31,0.8582,"The candidate with 5.2 years of experience in Machine Learning (ML) engineering demonstrates a deep understanding of algorithms, data analysis, and software development. They have honed their skills through extensive projects that required complex machine learning models and real-world applications."
CAND_0053459,32,0.8564,"The candidate's 4.1 years of experience in business analysis aligns well with the requirements of an AI Engineer role, as it demonstrates proficiency in data-driven decision-making processes, project management skills, and the ability to analyze complex business data to inform strategic decisions."
CAND_0037566,33,0.8562,"The candidate with 6.9 years of experience in machine learning, including significant experience in developing deep learning models and implementing large-scale distributed systems, aligns perfectly with the requirements of an AI Engineer role."
CAND_0050454,34,0.856,"The candidate with 6.8 years of experience in AI engineering demonstrates a deep understanding of complex algorithms, data structures, and machine learning techniques."
CAND_0039653,35,0.8537,"The candidate with 12.0 years of experience in project management currently holds the position of Project Manager at an organization, which aligns perfectly with the requirements of an AI Engineer role."
CAND_0087630,36,0.8536,"The candidate with 7.2 years of experience in AI engineering demonstrates a deep understanding of advanced machine learning algorithms, deep neural networks, and their application across various domains such as natural language processing, computer vision, and robotics."
CAND_0037000,37,0.8526,"The candidate with 2.7 years of experience in search engineering demonstrates strong technical skills, extensive project management experience, and a proven track record of delivering high-quality solutions to complex business problems."
CAND_0006418,38,0.8499,"The candidate with 5.7 years of experience in machine learning, including significant experience in developing deep learning models and implementing large-scale distributed systems, aligns perfectly with the requirements of an AI Engineer role."
CAND_0058688,39,0.8494,"The candidate with 6.7 years of experience in AI engineering demonstrates a deep understanding of advanced machine learning algorithms, deep neural networks, and natural language processing techniques."
CAND_0044855,40,0.849,"The candidate's extensive 6.6 years of experience in data science, coupled with their current role as a senior data scientist at GitHub, suggests a strong foundation in both technical skills and project management."
CAND_0024620,41,0.8485,"The candidate with 5.9 years of experience in AI engineering demonstrates a deep understanding of advanced machine learning algorithms, deep neural networks, and their application across various domains such as natural language processing, computer vision, and robotics."
CAND_0075252,42,0.8472,The candidate with 4.6 years of experience in mechanical engineering possesses a strong foundation in theoretical knowledge and practical skills that align well with the requirements of an AI Engineer role.
CAND_0018910,43,0.8465,"The candidate with 10.0 years of experience in graphic design possesses a strong foundation in digital art techniques, including vector graphics, rasterization, and color theory. They have demonstrated proficiency in using software such as Adobe Illustrator, Photoshop, and Sketch to create visually appealing designs."
CAND_0069638,44,0.8448,"The candidate's extensive experience in computer vision, particularly with expertise in object detection and image analysis, aligns perfectly with the requirements of an AI Engineer position."
CAND_0091909,45,0.8442,"The candidate with 6.9 years of experience in machine learning, including significant experience in developing deep learning models and implementing large-scale distributed systems, aligns perfectly with the requirements of an AI Engineer role."
CAND_0014440,46,0.8431,"The candidate's extensive experience in recommendation systems engineering, combined with their strong understanding of algorithms, data analysis, and machine learning techniques, makes them well-suited to the role of an AI Engineer."
CAND_0052682,47,0.8415,"The candidate with 6.6 years of experience in NLP (Natural Language Processing) holds significant expertise in developing advanced natural language processing models that enable machines to understand, interpret, generate, and translate human language."
CAND_0037081,48,0.8412,The candidate's 12.6 years of experience in civil engineering aligns well with the requirements of an AI Engineer role due to their extensive knowledge and practical application of computational methods in designing and analyzing complex systems.
CAND_0078002,49,0.8389,"The candidate with 6.3 years of experience in machine learning, including significant experience in developing deep learning models and implementing large-scale distributed systems, aligns perfectly with the requirements of an AI Engineer role."
CAND_0053064,50,0.8384,The candidate's 1.7 years of experience in civil engineering aligns well with the requirements of an AI Engineer role due to their extensive knowledge and practical application of computational methods in analyzing and optimizing complex systems.
CAND_0080549,51,0.8373,The candidate with 8.9 years of experience in sales executive roles demonstrates strong technical skills and strategic problem-solving abilities that align well with the requirements of an AI Engineer role.
CAND_0052328,52,0.8362,"The candidate's extensive experience in recommendation systems engineering, combined with their strong understanding of natural language processing (NLP) and machine learning algorithms, makes them well-suited to the role of an AI Engineer."
CAND_0014715,53,0.8361,The candidate with 4.2 years of experience in an AI specialist role at GitHub demonstrates a strong foundation in both technical skills and project management.
CAND_0076163,54,0.8349,"The candidate with 6.9 years of experience in NLP (Natural Language Processing) holds significant expertise in developing advanced natural language processing models that enable machines to understand, interpret, generate, and translate human language."
CAND_0004402,55,0.8344,"The candidate's extensive 6.0 years of experience in AI research aligns perfectly with the requirements of an AI Engineer role, as they have honed their skills in developing cutting-edge algorithms, analyzing complex data sets, and advancing machine learning techniques to solve real-world problems."
CAND_0017960,56,0.831,"The candidate's extensive 7.7 years of experience in recommendation systems engineering aligns perfectly with the requirements of an AI Engineer role, as it demonstrates proficiency in developing and implementing algorithms to optimize user recommendations on large-scale datasets."
CAND_0092767,57,0.8293,The candidate with 9.0 years of experience in mechanical engineering is highly qualified to excel in the field of artificial intelligence (AI) due to their extensive knowledge and practical application of mechanical principles across various industries.
CAND_0007009,58,0.8292,"The candidate's extensive experience in recommendation systems engineering, combined with their strong understanding of algorithms, data analysis, and machine learning techniques, makes them well-suited to the role of an AI Engineer."
CAND_0041669,59,0.8288,"The candidate's 8.0 years of experience in recommendation systems engineering aligns well with the requirements of an AI Engineer role, as it demonstrates proficiency in developing and implementing algorithms to optimize user recommendations on platforms such as Amazon Mechanical Turk or Netflix."
CAND_0075439,60,0.8284,"The candidate with 4.3 years of experience in machine learning, including significant experience in developing deep learning models and implementing large-scale distributed systems, aligns perfectly with the requirements of an AI Engineer role."
CAND_0066999,61,0.8278,"The candidate's extensive experience in recommendation systems engineering, combined with their strong understanding of algorithms, data analysis, and machine learning techniques, makes them well-suited to the role of an AI Engineer."
CAND_0064326,62,0.8277,"The candidate with 7.6 years of experience in search engineering demonstrates a deep understanding of algorithms, data structures, and natural language processing (NLP). They have honed their skills through extensive projects that required them to develop efficient search algorithms, optimize database queries, and implement NLP tools."
CAND_0006567,63,0.8275,"The candidate with 7.9 years of experience in senior-level roles demonstrates expertise in AI engineering, particularly in areas such as machine learning, deep learning, natural language processing, and cybersecurity. Their extensive experience in leading teams and implementing cutting-edge technologies aligns perfectly with the responsibilities of an AI engineer."
CAND_0042506,64,0.8269,"The candidate with 4.2 years of experience in search engineering demonstrates strong technical skills, extensive knowledge of search algorithms, and practical experience in implementing complex search solutions. Their current GitHub score of 64.0 indicates a high level of proficiency and engagement within the tech community."
CAND_0036184,65,0.8267,"The candidate's extensive experience in recommendation systems engineering, combined with their strong understanding of algorithms, data analysis, and machine learning techniques, makes them well-suited to the role of an AI Engineer."
CAND_0088025,66,0.8249,The candidate with 8.6 years of experience in staff machine learning engineering demonstrates a strong commitment to developing and implementing advanced algorithms to improve business processes and decision-making.
CAND_0020708,67,0.8245,"The candidate with 4.2 years of experience in search engineering demonstrates strong technical skills, extensive project management experience, and a proven track record of delivering high-quality solutions to complex problems."
CAND_0043228,68,0.8224,"The candidate with 6.8 years of experience in applied machine learning (ML) engineering demonstrates a deep understanding of algorithms, data structures, and statistical modeling techniques. They have successfully implemented state-of-the-art models on complex datasets, contributing to significant improvements in model performance and efficiency."
CAND_0061903,69,0.822,"The candidate's 4.3 years of experience in operations management aligns well with the requirements of an Operations Manager position at Alibaba Cloud. They have extensive knowledge of software development, system architecture, and operational efficiency, which are crucial skills for managing large-scale IT environments."
CAND_0067866,70,0.8219,"The candidate with 6.4 years of experience in senior software engineering roles at ML platforms demonstrates strong technical skills, extensive project management experience, and a proven track record of delivering high-quality software solutions."
CAND_0020877,71,0.8214,"The candidate with 5.1 years of experience in applied machine learning (ML) engineering demonstrates expertise in developing and deploying algorithms to solve complex problems in various domains such as healthcare, finance, and natural language processing."
CAND_0041610,72,0.8209,"The candidate's extensive experience in recommendation systems engineering, combined with their strong understanding of natural language processing (NLP) and machine learning algorithms, makes them well-suited to the role of an AI Engineer."
CAND_0003977,73,0.8198,"The candidate's 4.6 years of experience in recommendation systems engineering aligns well with the requirements of an AI Engineer role due to their extensive knowledge and practical application of algorithms, data analysis, and machine learning techniques in developing sophisticated recommendation systems that optimize user experiences through personalized content recommendations."
CAND_0045250,74,0.8189,"The candidate's extensive experience in applied machine learning (ML) engineering with 6.6 years of relevant work demonstrates strong expertise in developing and deploying algorithms to solve complex problems in various domains such as healthcare, finance, and natural language processing."
CAND_0061655,75,0.8184,"The candidate with 4.6 years of experience in machine learning, including significant experience in developing deep learning models and implementing large-scale distributed systems, aligns perfectly with the requirements of an AI Engineer role."
CAND_0011432,76,0.8182,"The candidate's extensive 7.6 years of experience in data science, coupled with their current role as a senior data scientist at GitHub, indicates a strong commitment to leveraging advanced analytics and machine learning techniques to drive business outcomes."
CAND_0015528,77,0.8178,"The candidate with 7.4 years of experience in applied machine learning (ML) engineering demonstrates a deep understanding of algorithms, data structures, and statistical modeling techniques. They have successfully implemented state-of-the-art models on complex datasets, contributing to significant improvements in model performance and efficiency."
CAND_0080884,78,0.8175,"The candidate's 12.2 years of experience in sales executive roles suggests a strong foundation in business acumen, strategic planning, and customer relationship management. They possess excellent communication skills, which are crucial for effective collaboration with cross-functional teams."
CAND_0018549,79,0.817,"The candidate's extensive experience in recommendation systems engineering, combined with their strong understanding of algorithms, data analysis, and machine learning techniques, makes them well-suited to the role of an AI Engineer."
CAND_0091580,80,0.8164,The candidate's 5.5 years of experience in data science with a strong focus on machine learning algorithms and predictive modeling aligns well with the requirements of an AI Engineer role.
CAND_0032515,81,0.8162,"The candidate with 5.1 years of experience in machine learning, including significant experience in developing deep learning models and implementing large-scale distributed systems, aligns perfectly with the requirements of an AI Engineer role."
CAND_0077776,82,0.8157,"The candidate with 5.3 years of experience in civil engineering is well-suited to excel in the field of artificial intelligence (AI) due to their extensive knowledge and practical application of computational methods in structural analysis, design, and optimization."
CAND_0061257,83,0.8156,"The candidate's 8.0 years of experience in staff machine learning engineering aligns well with the requirements of an AI Engineer role, as it demonstrates proficiency in developing and implementing machine learning models to improve business processes and decision-making."
CAND_0078042,84,0.8144,The candidate's 4.7 years of experience in applied machine learning (ML) engineering aligns well with the requirements of an Applied ML Engineer position at Alibaba Cloud. With 83.
CAND_0036437,85,0.8139,"The candidate with 4.8 years of experience in search engineering demonstrates a deep understanding of natural language processing (NLP), machine learning algorithms, and software development best practices."
CAND_0078492,86,0.8136,"The candidate's 5.1 years of experience in recommendation systems engineering aligns well with the requirements of an AI Engineer role, as it demonstrates proficiency in developing and implementing algorithms to optimize user recommendations on platforms such as Amazon Mechanical Turk or Netflix."
CAND_0005649,87,0.813,"The candidate with 7.4 years of experience in senior data science roles at leading tech companies demonstrates strong expertise in analyzing complex datasets, developing predictive models, and leveraging advanced analytics tools to drive business insights."
CAND_0013613,88,0.8126,"The candidate with 4.7 years of experience in machine learning, including significant experience in developing deep learning models and implementing large-scale distributed systems, aligns perfectly with the requirements of an AI Engineer role."
CAND_0051004,89,0.8123,"The candidate with 4.7 years of experience in senior data science roles at leading tech companies demonstrates strong expertise in data analysis, machine learning, and software development."
CAND_0011107,90,0.812,The candidate with 10.6 years of experience in operations management demonstrates a strong foundation in technical skills and problem-solving abilities that align well with the requirements of an Operations Manager position on GitHub.
CAND_0086548,91,0.8099,The candidate's extensive 5.
CAND_0034265,92,0.8075,"The candidate with 4.6 years of experience in software engineering, including significant roles as a senior software engineer at a leading tech company, demonstrates expertise in both technical problem-solving and project management."
CAND_0005260,93,0.8068,The candidate's extensive experience in senior-level NLP engineering positions suggests a strong background in developing and maintaining complex natural language processing systems.
CAND_0030468,94,0.8057,"The candidate with 5.4 years of experience in senior applied science roles at GitHub demonstrates strong technical expertise, extensive project management skills, and a proven track record of delivering high-quality software solutions."
CAND_0053695,95,0.8036,"The candidate's extensive experience in recommendation systems engineering, combined with their strong understanding of algorithms, data analysis, and machine learning techniques, makes them well-suited to the role of an AI Engineer."
CAND_0095138,96,0.8034,The candidate with 13.8 years of experience in civil engineering is well-suited to excel in the role of an AI engineer due to their extensive knowledge and practical application of computational methods in infrastructure design and analysis.
CAND_0070525,97,0.803,"The candidate with 5.4 years of experience in senior software engineering roles at ML platforms demonstrates strong technical skills, extensive project management experience, and a proven track record of delivering high-quality software solutions."
CAND_0000915,98,0.8017,The candidate with 9.3 years of experience in mechanical engineering is well-suited to excel in the field of artificial intelligence (AI) due to their extensive knowledge and practical application of mechanical principles within the context of AI systems.
CAND_0054394,99,0.8006,The candidate's 4.1 years of experience in recommendation systems engineering aligns well with the requirements of an AI Engineer role due to their extensive knowledge and practical application of algorithms and data structures used in developing recommendation engines.
CAND_0047811,100,0.8,The candidate with 9.0 years of experience in civil engineering is highly qualified to excel in the field of artificial intelligence (AI) due to their extensive knowledge and practical experience in this domain.
